,GPS,Specie,LianaPercentageRemoval,DATE_DendroInstal_1.1,DBHPaintM_1.1,DATE_DendroREVM_1.2,DBHc_DendroREVM_1.2,DATE_2,DBHc_AdjustIni,DATE_3,DBHc_PreCut,DATE_4,DBHc_PostCut1,DATE_5,DBHc_PostCut2,DATE_6,DBHc_PostCut3,DATE_7,DBHc_PostCut4,DATE_8,DBHc_PostCut5
1,1,ALSEBL,90%cut,2/17/12,279,7/26/12,278.9999522,2/6/13,279.6270291,5/10/13,278.9999408,7/29/13,278.999893,1/12/14,278.9998452,6/11/14,279.1907993,1/13/15,278.9998245,6/9/15,278.9997766
2,82,ALSEBL,50%cut,2/16/12,206,7/26/12,205.999933,2/6/13,205.9998661,5/10/13,205.9997991,7/29/13,205.9997321,1/12/14,205.9996652,6/11/14,205.9995982,1/14/15,205.9995313,10/6/15,205.9994643
3,89,ALSEBL,25%cut,2/17/12,284,7/26/12,283.9999506,2/6/13,283.9999012,5/10/13,283.6084001,7/29/13,283.9999393,1/12/14,285.2190822,6/11/14,285.0694764,1/13/15,287.1263292,9/6/15,287.4607931
4,111,ALSEBL,10%cut,7/25/12,239,7/25/12,238.9999206,2/5/13,238.9998412,5/8/13,238.9997618,7/26/13,239.1525639,1/11/14,240.5532474,6/30/14,241.7664853,1/8/15,243.7072947,6/8/15,243.9688123
5,123,ALSEBL,75%cut,7/27/12,343,7/27/12,342.9999319,2/11/13,334.7797937,5/17/13,334.7797281,7/31/13,334.7796626,1/11/14,334.7795971,6/26/14,337.2339885,1/19/15,334.7796214,6/23/15,334.7795558
6,157,ALSEBL,control,7/27/12,213,7/27/12,212.9999294,2/8/13,212.3728465,5/17/13,211.7966923,7/29/13,212.3728328,1/10/14,212.3727625,6/16/14,211.6311022,1/20/15,212.3727912,6/18/15,213.232266
7,103,ANACEX,50%cut,7/25/12,387,7/26/12,386.9999205,2/5/13,386.9998411,5/8/13,391.3934274,7/29/13,393.1775382,1/16/14,395.6359845,6/12/14,398.5226172,1/12/15,402.2479332,6/9/15,404.9918175
8,164,ANACEX,10%cut,7/27/12,599,7/27/12,598.9999266,2/8/13,600.871607,5/17/13,604.0934718,7/29/13,605.2685306,1/10/14,607.447354,6/14/14,611.9327865,1/15/15,614.7860787,6/18/15,619.6289565
9,137,ANNOSP,90%cut,7/27/12,243,7/27/12,242.9999193,2/8/13,242.9998386,5/17/13,242.5542242,7/31/13,242.9998726,1/11/14,242.9997919,6/29/14,242.5955367,1/20/15,243.4231434,6/22/15,242.999816
10,10,APEIME,90%cut,2/9/12,437,7/25/12,436.9999103,2/7/13,437.4073532,5/7/13,436.9999035,7/31/13,437.7129339,1/17/14,438.1554143,6/6/14,438.0153456,1/21/15,438.0567395,6/15/15,437.9484993
11,12,APEIME,100%cut,2/9/12,484,7/25/12,483.9999485,2/7/13,484.2514009,5/15/13,484.2482,7/31/13,484.3277731,1/15/14,483.999916,6/6/14,483.9998645,1/21/15,483.9998131,6/15/15,483.9997616
12,16,APEIME,10%cut,2/9/12,334,7/25/12,333.9999347,2/7/13,333.9998694,5/15/13,333.414174,7/31/13,333.9998889,1/13/14,333.9998236,6/6/14,333.6082958,1/21/15,333.3982008,6/16/15,333.9998083
13,22,APEIME,control,2/10/12,307,7/25/12,307.9644953,2/7/13,307.3851792,5/7/13,310.3938653,7/31/13,311.4992706,1/17/14,311.2602969,6/7/14,311.3336085,1/16/15,311.2794632,6/16/15,312.7327801
14,23,APEIME,75%cut,2/13/12,478,7/26/12,478.0732476,2/6/13,480.4065804,5/10/13,480.9159745,7/29/13,481.797914,1/16/14,484.8332644,6/11/14,484.9065764,1/13/15,488.1391253,9/6/15,488.3337018
15,24,APEIME,10%cut,2/13/12,443,7/26/12,442.9999091,2/6/13,445.5496933,5/10/13,445.5337959,7/29/13,446.0845748,1/16/14,449.4510244,6/11/14,449.7473752,1/13/15,454.5476994,9/6/15,454.9819788
16,41,APEIME,10%cut,2/8/12,595,7/25/12,594.9999274,2/6/13,594.7484581,5/10/13,594.9999291,7/29/13,594.9998565,1/13/14,594.9997839,6/9/14,594.1276307,1/14/15,594.2485673,11/6/15,594.2803806
17,48,APEIME,75%cut,2/8/12,488,7/26/12,487.9999478,2/14/13,488.3500452,5/15/13,488.4073356,7/31/13,488.719272,1/16/14,489.0567052,9/6/14,489.9320897,1/14/15,491.4506648,11/6/15,488.8020296
18,53,APEIME,90%cut,2/16/12,478,7/25/12,480.1741296,2/6/13,481.3361567,5/10/13,481.2215471,7/29/13,481.6386422,1/12/14,481.5144723,9/6/14,481.4157784,1/14/15,484.1036207,10/6/15,484.3011447
19,57,APEIME,25%cut,2/13/12,595,7/25/12,594.3219836,2/6/13,593.7426531,5/10/13,593.7425808,7/29/13,593.5898083,1/12/14,593.8826683,6/9/14,593.9144779,1/13/15,593.7712675,11/6/15,593.656695
20,77,APEIME,25%cut,2/8/12,426,7/26/12,426,2/7/13,425.9999125,5/19/13,425.5033302,7/31/13,425.6211103,1/12/14,425.9999368,6/29/14,425.9998494,1/21/15,425.9997619,11/6/15,425.9996744
21,80,APEIME,50%cut,2/10/12,577,7/26/12,578.9862737,2/7/13,577.8244259,5/7/13,578.4737957,7/31/13,578.7793773,1/17/14,578.9417449,6/7/14,578.661627,1/16/15,578.8494555,10/6/15,578.9926974
22,101,APEIME,90%cut,7/31/12,438,7/31/12,437.9999101,2/14/13,437.3474067,5/15/13,437.2487615,8/2/13,437.3028791,1/16/14,436.8731608,6/12/14,436.8317787,1/13/15,436.6025909,6/9/15,436.7490149
23,143,APEIME,25%cut,7/27/12,306,7/27/12,305.9999436,2/11/13,305.9998872,5/17/13,305.5065041,7/31/13,305.9998855,1/11/14,305.640188,6/27/14,305.9998614,1/20/15,306.6460491,6/22/15,309.3172542
24,145,APEIME,100%cut,7/31/12,498,7/31/12,497.9999459,2/14/13,502.1638824,5/16/13,502.2530218,8/2/13,502.8739627,1/15/14,505.906682,6/26/14,506.3752142,1/19/15,512.3614855,6/17/15,512.0867023
25,153,APEIME,25%cut,7/31/12,424,7/31/12,423.999913,2/14/13,423.1723245,5/16/13,424.9198617,8/2/13,424.8402973,1/10/14,424.7702774,6/16/14,424.7701902,1/20/15,426.5751428,6/18/15,426.5591955
26,155,APEIME,control,7/27/12,498,7/27/12,497.9999459,2/8/13,498.5825328,5/17/13,498.3023889,7/29/13,497.280532,1/10/14,498.4488025,6/16/14,498.2609639,1/20/15,500.6711557,6/18/15,500.5151213
27,156,APEIME,50%cut,7/27/12,508,7/27/12,507.999944,2/8/13,509.01856,5/17/13,508.7798153,7/29/13,508.6811527,1/10/14,508.588832,6/16/14,510.4701826,1/20/15,515.16472,6/18/15,515.3208358
28,170,APEIME,75%cut,7/27/12,462,7/27/12,461.9999051,2/8/13,463.5342289,5/17/13,463.1203869,7/29/13,463.4005423,1/10/14,463.9799266,6/14/14,464.4129126,1/15/15,465.498593,6/18/15,465.734198
29,171,APEIME,10%cut,7/27/12,523,7/27/12,522.9999411,2/8/13,524.6329121,5/17/13,524.4992336,7/29/13,524.8366556,1/10/14,526.5716358,6/14/14,526.4570061,1/15/15,526.7308267,6/18/15,526.7530769
30,174,APEIME,control,8/2/12,425,7/31/12,424.9999127,2/8/13,424.0863373,5/16/13,423.3828456,7/29/13,424.5160565,1/15/14,425.8656918,6/14/14,424.1468211,1/15/15,424.6497489,6/18/15,424.9999107
31,178,APEIME,100%cut,7/26/12,443,7/26/12,442.9999091,2/8/13,443.585587,5/17/13,443.5601359,7/29/13,443.8020689,1/15/14,443.6684156,6/14/14,443.6811464,1/15/15,444.9799298,6/18/15,444.6424888
32,179,APEIME,90%cut,7/26/12,423,7/26/12,422.9999132,2/8/13,421.713926,5/17/13,422.2264043,7/29/13,422.9999274,1/15/14,422.6720673,6/14/14,423.0253955,1/15/15,425.6771013,6/18/15,425.85221
33,183,APEIME,control,7/31/12,551,7/31/12,550.9999358,2/14/13,550.2328333,5/16/13,550.5384142,8/2/13,550.6784718,1/15/14,550.9999825,6/14/14,550.9999183,1/15/15,551.7065481,6/18/15,551.5569262
34,184,APEIME,100%cut,7/26/12,589,7/27/12,588.9999285,2/8/13,588.9998571,5/16/13,588.9997856,7/29/13,589.3690112,1/15/14,589.5822725,6/14/14,589.1620826,1/15/15,592.4090271,6/18/15,592.7083013
35,208,APEIME,50%cut,7/27/12,249,7/27/12,248.9999173,2/11/13,248.5669906,5/17/13,248.3441398,7/31/13,248.9998684,1/11/14,248.5351455,6/27/14,248.5956054,1/19/15,248.9998676,6/24/15,248.4650981
36,11,APEIME ,75%cut,7/31/12,436,7/31/12,435.9999105,2/14/13,436.8911676,5/15/13,436.8529792,7/31/13,437.3113421,1/17/14,438.5210543,6/11/14,438.7884599,1/21/15,441.7469959,6/15/15,442.1930106
37,73,BELIPE,control,7/25/12,227,7/25/12,226.9999246,2/5/13,226.9998492,5/8/13,225.7647562,7/26/13,225.6628632,1/8/14,225.7329123,6/19/14,224.8190893,1/8/15,224.5961486,8/6/15,224.1120029
38,146,CELTSC,25%cut,7/27/12,219,7/27/12,218.9999273,2/11/13,218.9998545,5/17/13,218.9997818,7/31/13,218.999709,1/11/14,218.9996363,6/26/14,218.9995635,1/19/15,219.7189467,6/17/15,219.7380557
39,17,CHR2AR,50%cut,2/10/12,409,7/25/12,409.4106274,2/6/13,411.062713,5/19/13,411.2027837,7/31/13,411.5657442,1/13/14,413.5718428,6/9/14,416.4396057,1/21/15,417.4376886,6/16/15,419.4448486
40,148,CHR2AR,100%cut,7/27/12,178,7/27/12,177.9999477,2/11/13,177.9998953,5/17/13,177.999843,7/31/13,177.9997907,1/11/14,178.3913122,6/16/14,178.7510271,1/19/15,178.9484125,6/17/15,178.8497243
41,108,CHR2CA,100%cut,7/31/12,443,7/31/12,442.9999091,2/14/13,448.6800434,5/15/13,450.407052,7/31/13,451.6216842,1/16/14,456.2536037,6/12/14,458.3324208,1/13/15,465.9716955,6/9/15,467.7863702
42,55,COPAAR,control,2/8/12,214,7/25/12,216.1489274,2/6/13,218.494456,5/10/13,220.8321259,7/29/13,223.5267948,1/12/14,225.6985568,6/9/14,228.9310855,1/14/15,231.6234265,11/6/15,234.913963
43,169,CORDAL,75%cut,7/27/12,264,7/27/12,263.9999123,2/8/13,263.9998246,5/17/13,265.6678799,7/29/13,265.1775898,1/10/14,266.1549756,6/14/14,269.9442115,1/15/15,272.1797907,6/18/15,272.1830069
44,14,CORDBI,75%cut,2/9/12,319,7/25/12,318.9999395,2/7/13,318.999879,5/15/13,318.9998184,7/31/13,318.9997579,1/13/14,318.9996974,6/6/14,318.9996369,1/21/15,318.9995763,6/15/15,318.9995158
45,43,CORDBI,50%cut,2/16/12,254,7/25/12,257.2858608,2/6/13,257.403693,5/10/13,261.4328424,7/29/13,261.1165445,1/13/14,262.0018399,6/11/14,265.0161265,1/14/15,265.1926975,10/6/15,270.7820498
46,44,CORDBI,control,2/16/12,346,7/25/12,346.7957715,2/6/13,346.8562361,5/10/13,346.8594312,7/29/13,350.5212298,1/13/14,350.6327233,9/6/14,359.1561231,1/14/15,352.9945961,10/6/15,356.7078925
47,93,CORDBI,90%cut,7/25/12,328,7/25/12,327.9999366,2/5/13,327.9998732,5/8/13,328.1080977,7/26/13,327.9998657,1/12/14,327.9998023,6/30/14,327.9997389,1/8/15,327.9996755,8/6/15,324.5358345
48,94,CORDBI,control,7/25/12,320,7/25/12,319.9999392,2/5/13,319.8152948,5/8/13,319.3505673,7/26/13,319.6179597,1/12/14,319.5384008,6/30/14,319.4206043,1/8/15,319.3219113,8/6/15,319.9999532
49,100,CORDBI,100%cut,7/25/12,395,7/25/12,394.9999189,2/5/13,393.8571621,5/8/13,395.2418185,7/29/13,397.0880837,1/16/14,396.9511953,6/12/14,397.1708796,1/12/15,397.2536311,6/9/15,400.9480581
50,132,CORDBI,100%cut,7/27/12,276,7/27/12,275.9999531,2/11/13,275.9999062,5/17/13,275.9998594,7/31/13,275.9998125,1/11/14,275.9997656,6/27/14,276.4899539,1/20/15,276.8655777,6/24/15,277.2889505
51,163,CORDBI,10%cut,7/27/12,346,7/27/12,345.9999309,2/8/13,345.6402334,5/17/13,345.5256549,7/29/13,345.9999326,1/10/14,345.5956673,6/14/14,345.5097299,1/15/15,345.4015147,6/18/15,345.9999681
52,200,CORDBI,10%cut,7/27/12,355,7/27/12,354.9999281,2/11/13,354.9744291,5/17/13,354.1372768,7/31/13,354.1372051,1/11/14,354.2581817,6/27/14,354.6305989,1/20/15,354.528729,6/22/15,354.9998489
53,210,CORDBI,90%cut,7/27/12,214,7/27/12,213.9999289,2/11/13,213.5956876,5/17/13,213.5161077,7/31/13,213.9999487,1/15/14,213.5001972,6/27/14,213.9999557,1/20/15,213.9998846,6/22/15,213.9998135
54,47,CORDIBI,25%cut,2/8/12,344,7/26/12,343.9999315,2/6/13,344.6524927,5/10/13,344.843495,7/29/13,345.9481072,1/12/14,346.2537357,9/6/14,346.8204837,1/14/15,347.0847713,11/6/15,348.9258124
55,115,CORDIBI,75%cut,7/27/12,349,7/27/12,348.99993,2/11/13,348.9998599,5/16/13,350.6614927,7/31/13,356.2941932,1/11/14,352.0496586,6/5/14,356.2750608,1/19/15,358.1259921,6/17/15,363.9894853
56,119,CORDIBI,50%cut,7/27/12,285,7/27/12,284.9999503,2/11/13,284.6911648,5/16/13,285.6079341,7/31/13,285.0540673,1/11/14,285.6875469,6/26/14,285.5697526,1/19/15,285.6079499,6/17/15,286.524751
57,9,CUPALA,50%cut,2/9/12,156,7/25/12,157.3176809,2/7/13,159.0350743,5/7/13,158.9453745,7/31/13,159.5543032,1/17/14,160.6878738,6/6/14,158.3691452,1/21/15,162.8555164,6/26/15,163.7337876
58,70,DIALGU,100%cut,7/25/12,294,7/25/12,293.9999474,2/5/13,293.9998948,5/8/13,293.9998422,7/26/13,293.9997896,1/8/14,293.999737,6/19/14,293.9996844,1/8/15,294.8591281,8/6/15,295.0660533
59,151,DIALGU,75%cut,7/27/12,332,7/27/12,331.9999354,2/11/13,331.9998707,5/17/13,332.2226818,7/29/13,331.9998602,1/10/14,334.9350255,6/16/14,336.0529009,1/20/15,336.6836657,6/22/15,336.7919869
60,36,DIPTPA,90%cut,7/25/12,428,7/25/12,427.9999121,2/6/13,428.6651917,5/15/13,429.4959643,7/31/13,429.9448104,1/13/14,430.1867705,6/7/14,430.4064206,1/21/15,430.4000443,6/11/15,430.1930906
61,133,DIPTPA,10%cut,7/27/12,387,7/27/12,386.9999205,2/14/13,391.3680371,5/16/13,392.4001734,8/2/13,392.4033468,1/15/14,395.1990362,6/29/14,395.7285941,1/20/15,396.4147026,6/24/15,396.5583644
62,26,DIPTRY,90%cut,2/10/12,523,7/25/12,523.4647214,2/7/13,522.9999957,5/7/13,524.3210179,7/31/13,523.1814346,1/18/14,523.3883241,6/6/14,523.8657609,1/21/15,523.6875058,6/26/15,523.7066317
63,166,"ENTEROLOBIUM SENTUMATUM , sp.",90%cut,7/27/12,430,7/27/12,429.9999117,2/8/13,430.6078596,5/17/13,430.7319837,7/29/13,432.1071573,1/10/14,434.3869039,6/14/14,435.8139055,1/15/15,437.2638242,6/18/15,439.1386947
64,105,EUGECO,90%cut,7/25/12,201,7/28/12,200.9999356,2/5/13,200.9998713,5/8/13,199.6501495,7/29/13,200.3632635,1/16/14,200.2964039,6/12/14,201.7192694,1/12/15,201.6460476,6/9/15,201.3850122
65,84,GUATDU,90%cut,2/16/12,266,7/26/12,266.7830654,2/6/13,271.4818278,5/10/13,275.1618155,7/29/13,275.9558485,1/12/14,280.5184185,6/11/14,284.8619757,1/16/15,288.581714,10/6/15,292.6083372
66,92,GUSTSU,75%cut,7/25/12,246,7/25/12,245.9999183,2/5/13,246.3277582,5/15/13,245.9998845,7/26/13,245.9998028,1/12/14,247.1012007,6/12/14,247.6296552,1/8/15,247.7187903,8/6/15,247.4322577
67,190,GUSTSU,10%cut,8/1/12,229,7/27/12,228.9999239,2/11/13,228.9998479,5/16/13,228.9997718,7/31/13,228.9996957,1/11/14,228.9996196,6/26/14,228.9995436,1/19/15,228.9994675,6/17/15,228.9993914
68,51,GUSTUS,control,2/16/12,232,7/25/12,231.9999229,2/6/13,232.7129795,5/10/13,232.856232,7/29/13,232.9294249,1/12/14,233.8526818,9/6/14,233.8335553,1/16/15,235.4611608,10/6/15,235.6523403
69,76,HIRTAM,25%cut,2/8/12,223,7/26/12,225.0820184,2/6/13,226.9075177,5/10/13,228.3076902,7/29/13,229.0867404,1/12/14,230.7652697,6/9/14,231.8735074,1/14/15,233.2920069,11/6/15,233.5683773
70,142,HIRTAM,75%cut,7/27/12,242,7/27/12,241.9999196,2/8/13,242.3603134,5/17/13,242.8580149,7/31/13,242.8356722,1/11/14,244.0617218,6/29/14,245.1422084,1/20/15,245.6093345,6/22/15,246.2272785
71,158,HIRTAM,10%cut,7/27/12,285,7/27/12,284.9999503,2/8/13,284.9999005,5/17/13,284.5924628,7/29/13,284.9999018,1/10/14,284.9998521,6/14/14,284.9998024,1/15/15,284.9997526,6/18/15,285.5568082
72,68,HIRTTR,75%cut,7/25/12,261,7/25/12,260.9999133,2/5/13,260.9998266,5/8/13,260.9997399,7/26/13,260.9996532,1/8/14,260.6272051,6/19/14,260.9996558,1/8/15,260.9995691,8/6/15,260.9994824
73,50,HYERAL,10%cut,2/16/12,310,7/26/12,311.1778058,2/6/13,317.0307842,5/10/13,319.8159439,7/29/13,322.0694992,1/12/14,327.9421919,6/11/14,330.8126293,1/16/15,340.1269729,10/6/15,344.2979574
74,125,HYERAL,100%cut,7/27/12,488,7/27/12,487.9999478,2/11/13,487.9998955,5/17/13,487.9998433,7/31/13,487.9997911,1/11/14,488.5345365,6/26/14,489.0597393,1/19/15,494.068264,6/17/15,496.2126997
75,38,INGACO,control,2/8/12,218,7/26/12,217.9999276,2/7/13,219.352839,5/19/13,217.9999635,7/31/13,219.1809554,1/13/14,219.0631658,6/29/14,220.1266124,1/21/15,220.1170654,6/11/15,220.9611122
76,88,INGACO,100%cut,2/17/12,207,7/25/12,209.4451854,2/6/13,211.36711,5/10/13,214.4665441,7/29/13,213.95446,1/12/14,216.3873935,9/6/14,220.6425025,1/14/15,221.4212487,10/6/15,222.4424604
77,20,JACICO,90%cut,2/10/12,341,7/25/12,341.9931524,2/7/13,344.2472484,5/7/13,344.903328,7/31/13,348.8911954,1/17/14,353.3017666,6/7/14,354.3716934,1/16/15,357.2316104,6/16/15,358.9146635
78,25,JACICO,75%cut,2/10/12,391,7/25/12,390.9999197,2/7/13,392.0471698,5/7/13,391.7192882,7/31/13,392.986237,1/18/14,393.6102104,6/6/14,393.8617247,1/21/15,394.8170083,6/26/15,394.836109
79,46,LONCLA,10%cut,2/8/12,292,7/26/12,291.999948,2/6/13,291.9998961,5/10/13,291.9998441,7/29/13,291.9997922,1/12/14,291.9997402,7/6/14,291.9996883,1/14/15,292.7381794,11/6/15,292.9291769
80,52,LONCLA,75%cut,2/16/12,326,7/25/12,326.4679021,2/6/13,326.3915266,5/10/13,326.5252092,7/29/13,326.1464375,1/12/14,326.0000208,9/6/14,325.9999581,1/14/15,325.9998953,10/6/15,328.7058418
81,54,LONCLA,90%cut,2/16/12,238,7/25/12,237.9999209,2/6/13,237.3218938,5/10/13,237.127732,7/29/13,237.2041365,1/12/14,237.0863592,6/11/14,237.0863,1/14/15,236.9461947,10/6/15,236.8729628
82,59,LONCLA,control,2/13/12,271,7/25/12,270.5479936,2/6/13,270.9999887,5/19/13,270.7867304,7/29/13,270.9999984,1/12/14,270.9999531,6/9/14,271.5506419,1/13/15,271.9644541,11/6/15,272.4960953
83,135,LONCLA,100%cut,7/27/12,214,7/27/12,213.9999289,2/8/13,213.7325387,5/17/13,213.5638255,7/31/13,213.9999094,1/11/14,213.6242904,6/29/14,213.9998769,1/20/15,213.9998058,6/22/15,213.9997347
84,211,LONCLA,25%cut,7/27/12,315,7/27/12,314.9999407,2/11/13,315.5187886,5/17/13,315.467877,7/31/13,315.4678176,1/15/14,316.5437579,6/27/14,318.7759193,1/20/15,319.7794866,6/22/15,321.6987376
85,99,LUEHSE,50%cut,7/31/12,318,7/31/12,317.9999398,2/14/13,317.9998796,5/15/13,318.2991043,8/2/13,318.3691523,1/16/14,317.9999163,6/30/14,317.9998561,1/12/15,320.66443,6/26/15,321.5561129
86,176,LUEHSE,control,7/31/12,317,7/31/12,316.9999401,2/14/13,317.7925594,5/16/13,318.107706,8/2/13,318.0217769,1/15/14,318.2923737,6/14/14,318.0886501,1/20/15,319.7410038,6/18/15,320.0307913
87,62,MICOAR,25%cut,2/16/12,186,7/26/12,184.4464633,2/6/13,185.2233245,5/10/13,184.8030908,7/29/13,184.7553375,1/12/14,185.3220188,11/6/14,184.8794747,1/16/15,186.6270611,10/6/15,186.7002846
88,30,PCHOSE,control,7/25/12,346,7/25/12,345.9999309,2/7/13,345.9998618,5/7/13,345.2422607,7/31/13,345.5892052,1/17/14,345.5032674,6/6/14,346.9102155,1/21/15,347.4991196,6/26/15,347.0025432
89,31,PCHOSE,25%cut,2/9/12,384,7/25/12,383.054629,2/7/13,384.0000059,5/7/13,382.5293743,7/31/13,383.8217183,1/13/14,383.0832493,6/6/14,383.1246375,1/21/15,382.7745103,6/26/15,382.7776687
90,45,PIT1DI,25%cut,2/8/12,232,7/25/12,233.6521762,2/6/13,233.9610442,5/10/13,234.193494,7/29/13,234.6744045,1/13/14,234.9324003,9/6/14,235.7512785,1/14/15,236.1879607,11/6/15,236.7874158
91,27,PLA1PI,75%cut,2/10/12,435,7/25/12,434.9999107,2/7/13,434.9998214,5/7/13,434.9997321,7/31/13,435.9705694,1/18/14,434.9997391,6/6/14,434.9996498,1/21/15,434.6781421,6/26/15,434.9996569
92,87,PLA1PI,50%cut,2/17/12,284,7/25/12,283.6689451,2/6/13,283.5002285,5/10/13,282.0040149,7/29/13,282.8763237,1/12/14,282.4242944,9/6/14,282.9782256,1/14/15,281.790714,10/6/15,282.7903733
93,159,POUTRE,50%cut,7/27/12,328,7/27/12,327.9999366,2/8/13,327.9998732,5/17/13,326.3445763,7/29/13,326.3573086,1/10/14,326.6024367,6/14/14,326.2172331,1/15/15,326.2267951,6/18/15,325.9752898
94,128,PRI2CO,100%cut,7/27/12,254,7/27/12,253.9999156,2/11/13,253.9998312,5/17/13,253.9997469,7/31/13,253.9996625,1/11/14,254.3911568,6/27/14,254.4898427,1/19/15,254.897308,6/24/15,255.8682964
95,130,PRI2CO,90%cut,7/27/12,443,7/27/12,442.9999091,2/11/13,442.9998181,5/17/13,442.9997272,7/31/13,442.9996362,1/11/14,444.4479913,6/27/14,446.7465894,1/19/15,449.453961,6/24/15,452.0392337
96,131,PRI2CO,10%cut,7/27/12,318,7/27/12,317.9999398,2/11/13,316.6629904,5/17/13,319.3145719,7/31/13,316.3000534,1/11/14,316.548377,6/27/14,316.5610934,1/20/15,316.5101786,6/24/15,316.6470943
97,83,SIMAAM,25%cut,2/16/12,393,7/26/12,396.0496956,2/6/13,399.6716442,5/10/13,402.5836861,7/29/13,404.6980291,1/12/14,407.0522532,6/11/14,410.5245003,1/16/15,414.2047926,10/6/15,416.1602787
98,49,SPONRA,75%cut,2/16/12,389,7/26/12,391.1645985,2/6/13,387.5898466,5/10/13,388.3633258,7/29/13,390.0217324,1/12/14,388.267854,6/11/14,388.999962,1/16/15,387.7808027,10/6/15,389.0317801
99,122,SPONRA,10%cut,7/27/12,539,7/27/12,538.9999381,2/11/13,538.9998761,5/16/13,537.9781049,7/31/13,538.9998893,1/11/14,536.6825438,6/26/14,538.9999216,1/19/15,537.5102408,6/17/15,538.4492536
100,162,SPONRA,50%cut,7/27/12,334,7/27/12,333.9999347,2/8/13,332.5292907,5/17/13,332.4051347,7/29/13,333.9999579,1/10/14,332.3988111,6/16/14,332.6312041,1/15/15,330.8864344,6/18/15,332.6248189
101,79,TAB1GU,10%cut,2/10/12,601,7/25/12,602.2510072,2/7/13,605.026974,5/7/13,604.8136557,7/31/13,608.3356509,1/17/14,611.432887,6/7/14,612.3032039,1/16/15,616.5147371,6/16/15,616.5849767
102,154,TAB1GU,control,7/27/12,275,7/27/12,274.9999534,2/8/13,273.9558944,5/17/13,274.3028553,7/29/13,274.9999445,1/10/14,273.8890158,6/16/14,274.0291126,1/20/15,273.6725948,6/18/15,273.6630479
103,209,TAB1GU,75%cut,7/27/12,210,7/27/12,209.9999309,2/11/13,209.9998619,5/17/13,208.8029518,7/31/13,209.9998553,1/15/14,209.3441427,6/27/14,209.2836646,1/19/15,209.0990474,6/24/15,209.4905893
104,214,TABEAR/TAB2AR/GUAPST,90%cut,7/31/12,460,7/31/12,459.9999056,2/14/13,459.9998111,5/16/13,460.4295376,8/2/13,460.439087,1/16/14,461.1680232,6/30/14,461.5754849,1/12/15,463.5302178,6/9/15,463.6003019
105,33,TERMAM,90%cut,2/10/12,257,7/25/12,258.3401639,2/6/13,262.3481013,5/15/13,265.5420969,7/31/13,266.3229821,1/13/14,269.2648975,6/7/14,272.1264555,1/21/15,274.1525325,6/16/15,274.4250337
106,64,TERMAM,control,2/13/12,235,7/26/12,234.9999219,2/14/13,237.081943,5/15/13,237.7953411,7/31/13,237.897281,1/16/14,237.6488288,6/12/14,237.6106251,1/13/15,237.5883457,NA,NA
107,126,TERMAM,10%cut,7/27/12,263,7/27/12,262.9999126,2/11/13,262.9998253,5/17/13,262.2135977,7/31/13,262.9998456,1/11/14,264.1585368,6/26/14,262.9998461,1/19/15,262.9997587,6/17/15,262.9996714
108,175,TERMAM,100%cut,7/26/12,368,7/26/12,367.9999244,2/8/13,366.7489389,5/16/13,365.577411,7/29/13,367.9998976,1/15/14,367.9998221,6/14/14,367.9997465,1/15/15,371.3870463,6/18/15,373.6519025
109,215,TERMAM,50%cut,7/26/12,485,7/26/12,484.9999483,2/6/13,489.2212501,5/15/13,489.5301352,7/31/13,491.9668466,1/16/14,497.7492617,6/7/14,490.2594217,1/20/15,507.3657989,6/16/15,507.6871419
110,65,TET2PA,100%cut,7/25/12,307,7/25/12,306.9999433,2/5/13,308.4228618,5/8/13,311.5565761,7/26/13,312.7390627,1/8/14,313.9702012,6/19/14,315.5600871,1/8/15,317.0368821,8/6/15,318.9290095
111,66,TET2PA,75%cut,7/25/12,285,7/25/12,284.9999503,2/5/13,285.3819457,5/8/13,287.6582123,7/26/13,289.8086191,1/8/14,291.9583811,6/19/14,294.041318,1/8/15,297.6008051,8/6/15,300.235084
112,72,TET2PA,25%cut,7/25/12,323,7/25/12,322.9999382,2/5/13,322.9998764,5/8/13,324.6424062,7/26/13,326.8873151,1/8/14,323.0762627,6/19/14,331.383417,1/8/15,332.1339651,8/6/15,334.4556297
113,98,TET2PA,90%cut,7/31/12,385,7/31/12,384.999921,2/14/13,383.9303967,5/15/13,383.2077714,8/2/13,383.5579311,1/16/14,383.4592258,6/30/14,383.1791101,1/8/15,383.7330056,8/6/15,384.1372879
114,102,TET2PA,10%cut,7/25/12,407,7/25/12,406.9999164,2/5/13,407.5697088,5/8/13,407.2768444,7/29/13,407.862562,1/16/14,408.3145962,6/12/14,408.7315886,1/12/15,409.7821648,6/9/15,410.2788912
115,124,TET2PA,control,7/27/12,340,7/27/12,339.9999328,2/11/13,340.3882574,5/17/13,341.4642085,7/31/13,341.1904333,1/11/14,342.5498484,6/26/14,339.9999431,1/19/15,343.7662886,6/17/15,344.9449622
116,160,TET2PA,25%cut,7/27/12,278,7/27/12,277.9999525,2/8/13,279.9099567,5/17/13,281.2123716,7/29/13,281.3429643,1/10/14,284.0683002,6/14/14,285.1629772,1/15/15,285.8080959,6/18/15,287.2242682
117,167,TRI2TU,control,7/27/12,232,7/27/12,231.9999229,2/8/13,232.7065705,5/17/13,232.585591,7/29/13,231.9999113,1/10/14,232.4773631,6/14/14,232.4455455,1/15/15,232.531503,6/18/15,232.499681
118,180,TRI2TU,10%cut,7/26/12,218,7/26/12,217.9999276,2/8/13,217.9998552,5/17/13,217.9997827,8/29/13,217.9997103,1/15/14,217.6304476,6/14/14,217.3280626,1/15/15,219.7792495,6/18/15,219.5308925
119,67,UNKNOWN,100%cut,7/25/12,297,7/25/12,296.9999465,2/5/13,296.9998929,5/8/13,296.2836812,7/26/13,295.7807243,1/8/14,295.8603102,6/19/14,296.9998976,1/8/15,296.2486807,8/6/15,296.6433998
120,127,UNKNOWN,25%cut,7/27/12,262,7/27/12,261.999913,2/11/13,261.9998259,5/17/13,261.9997389,7/31/13,261.9996519,1/11/14,261.5667172,6/27/14,261.9996416,1/19/15,261.9995545,6/24/15,261.9994675
121,58,VATAER,100%cut,2/13/12,261,7/25/12,264.0437058,2/6/13,264.1138075,5/19/13,267.7137817,7/29/13,268.1672381,1/12/14,268.8350037,6/9/14,269.2090142,1/13/15,269.2921314,11/6/15,270.008697
122,85,VATAER,control,2/17/12,325,7/26/12,324.9999376,2/6/13,324.9998751,5/10/13,324.9998127,7/29/13,325.4327061,1/12/14,325.4358702,6/11/14,325.3340056,1/16/15,325.3276426,10/6/15,325.674621
123,86,VATAER,75%cut,2/17/12,297,7/25/12,296.9999465,2/6/13,296.9998929,5/10/13,297.3659466,7/29/13,297.1622164,1/12/14,296.9998737,9/6/14,296.9998201,1/14/15,296.9997666,10/6/15,299.4542182
124,107,VATAER,25%cut,7/31/12,443,7/31/12,442.9999091,2/14/13,443.8593591,5/15/13,443.7543302,7/31/13,444.4355684,1/16/14,444.5851726,6/30/14,447.2437705,1/13/15,449.5852143,6/26/15,449.3271133
125,110,VATAER,90%cut,7/25/12,267,7/25/12,266.9999113,2/5/13,266.6943435,5/8/13,266.9999104,7/26/13,268.5246912,1/11/14,268.161763,6/30/14,269.7410295,1/8/15,269.7888226,6/8/15,270.4991
126,121,VATAER,100%cut,7/27/12,351,7/27/12,350.9999293,2/14/13,352.9703877,5/16/13,352.7698402,7/31/13,353.3938487,1/11/14,354.5369653,6/26/14,354.5560751,1/19/15,354.9254936,6/17/15,355.0688097
127,150,VATAER,50%cut,7/27/12,322,7/27/12,321.9999385,2/11/13,321.999877,5/17/13,321.9998156,7/29/13,321.9997541,1/10/14,321.9996926,6/16/14,321.9996311,1/20/15,321.6621991,6/22/15,321.5730796
128,172,VATAER,10%cut,7/31/12,456,7/31/12,455.9999064,2/14/13,455.5256018,5/16/13,455.9998527,8/2/13,455.9997591,1/15/14,455.9996655,6/14/14,455.9995719,1/15/15,460.2942031,6/18/15,460.3355837
129,201,VATAER,25%cut,7/27/12,254,7/27/12,253.9999156,2/11/13,253.356887,5/17/13,253.0990531,7/31/13,253.9998739,1/11/14,253.9997895,6/27/14,253.2167311,1/19/15,253.2199223,6/17/15,254.9451787